{
    "my_college_degrees": [
        {
            "degree": {
                "school": "American University",
                "program": "Applied Mathematics",
                "type": "BS",
                "yearConferred": "2016"
            }
        },
        {
            "degree": {
                "school": "Boston University",
                "program": "Software Development",
                "type": "MS",
                "yearConferred": "2022"
            }

        }

    ]
}